MH_Time	MH_DOY	MH_._m	MH_._m	MH_._m	MH_._m	MH_._m	MH_._m	MH__m	IH_Time	IH_DOY	IH_._m	IH_._m	IH_._m	IH_._m	IH_._m	IH_._m
241.5			--_:	.	.	.	.	.
241.5			--_:	.	.	.	.	.
241.6			--_:	.	.	.	.	.
241.6.	.	.	241.6.	.
241.7			--_:	.	.	.	.	.
241.7			--_:	.	.	.	.	.
241.7			--_:	.	.	.	.	.
241.8			--_:	.	.	.	.	.
241.8			--_:	.	.	.	.	.
241.8.	.	.	241.8.	.
241.9			--_:	.	.	.	.	.
241.9			--_:	.	.	.	.	.
241.9			--_:	.	.	.	.	.
242.0			--_:	.	.	.	.	.
242.0			--_:	.	.	.	.	.
242.0.	.	.	242.0.	.
242.1			--_:	.	.	.	.	.
242.1			--_:	.	.	.	.	.
242.1			--_:	.	.	.	.	.
242.2			--_:	.	.	.	.	.
242.2			--_:	.	.	.	.	.
242.2.	.	.	242.2.	.
242.3			--_:	.	.	.	.	.
242.3			--_:	.	.	.	.	.
242.3			--_:	.	.	.	.	.
242.4			--_:	.	.	.	.	.
242.4			--_:	.	.	.	.	.
242.5.	.	.	242.5.	.
242.5			--_:	.	.	.	.	.
242.5			--_:	.	.	.	.	.
242.6			--_:	.	.	.	.	.
242.6			--_:	.	.	.	.	.
242.6			--_:	.	.	.	.	.
242.7.	.	.	242.7.	.
242.7			--_:	.	.	.	.	.
242.7			--_:	.	.	.	.	.
242.8			--_:	.	.	.	.	.
242.8			--_:	.	.	.	.	.
242.8			--_:	.	.	.	.	.
242.9.	.	.	242.9.	.
242.9			--_:	.	.	.	.	.
242.9			--_:	.	.	.	.	.
243.0			--_:	.	.	.	.	.
243.0			--_:	.	.	.	.	.
243.0			--_:	.	.	.	.	.
243.1.	.	.	243.1.	.
243.1			--_:	.	.	.	.	.
243.1			--_:	.	.	.	.	.
243.2			--_:	.	.	.	.	.
243.2			--_:	.	.	.	.	.
243.2			--_:	.	.	.	.	.
243.3.	.	.	243.3.	.
243.3			--_:	.	.	.	.	.
243.4			--_:	.	.	.	.	.
243.4			--_:	.	.	.	.	.
243.4			--_:	.	.	.	.	.
243.5			--_:	.	.	.	.	.
243.5.	.	.	243.5.	.
243.5			--_:	.	.	.	.	.
243.6			--_:	.	.	.	.	.
243.6			--_:	.	.	.	.	.
243.6			--_:	.	.	.	.	.
243.7			--_:	.	.	.	.	.
243.7.	.	.	243.7.	.
243.7			--_:	.	.	.	.	.
243.8			--_:	.	.	.	.	.
243.8			--_:	.	.	.	.	.
243.8			--_:	.	.	.	.	.
243.9			--_:	.	.	.	.	.
243.9.	.	.	243.9.	.
243.9			--_:	.	.	.	.	.
244.0			--_:	.	.	.	.	.
244.0			--_:	.	.	.	.	.
244.0			--_:	.	.	.	.	.
244.1			--_:	.	.	.	.	.
244.1.	.	.	244.1.	.
244.2			--_:	.	.	.	.	.
244.2			--_:	.	.	.	.	.
244.2			--_:	.	.	.	.	.
244.3			--_:	.	.	.	.	.
244.3			--_:	.	.	.	.	.
244.3.	.	.	244.3.	.
244.4			--_:	.	.	.	.	.
244.4			--_:	.	.	.	.	.
244.4			--_:	.	.	.	.	.
244.5			--_:	.	.	.	.	.
244.5			--_:	.	.	.	.	.
244.5.	.	.	244.5.	.
244.6			--_:	.	.	.	.	.
244.6			--_:	.	.	.	.	.
244.6			--_:	.	.	.	.	.
244.7			--_:	.	.	.	.	.
244.7			--_:	.	.	.	.	.
244.7.	.	.	244.7.	.
244.8			--_:	.	.	.	.	.
244.8			--_:	.	.	.	.	.
244.8			--_:	.	.	.	.	.
244.9			--_:	.	.	.	.	.
244.9			--_:	.	.	.	.	.
245.0.	.	.	245.0.	.
245.0			--_:	.	.	.	.	.
245.0			--_:	.	.	.	.	.
245.1			--_:	.	.	.	.	.
245.1			--_:	.	.	.	.	.
245.1			--_:	.	.	.	.	.
245.2.	.	.	245.2.	.
245.2			--_:	.	.	.	.	.
245.2			--_:	.	.	.	.	.
245.3			--_:	.	.	.	.	.
245.3			--_:	.	.	.	.	.
245.3			--_:	.	.	.	.	.
245.4.	.	.	245.4.	.
245.4			--_:	.	.	.	.	.
245.4			--_:	.	.	.	.	.
245.5			--_:	.	.	.	.	.
245.5			--_:	.	.	.	.	.
245.5			--_:	.	.	.	.	.
245.6.	.	.	245.6.	.
245.6			--_:	.	.	.	.	.
245.6			--_:	.	.	.	.	.
245.7			--_:	.	.	.	.	.
245.7			--_:	.	.	.	.	.
245.7			--_:	.	.	.	.	.
245.8.	.	.	245.8.	.
245.8			--_:	.	.	.	.	.
245.9			--_:	.	.	.	.	.
245.9			--_:	.	.	.	.	.
245.9			--_:	.	.	.	.	.
246.0			--_:	.	.	.	.	.
246.0.	.	.	246.0.	.
246.0			--_:	.	.	.	.	.
246.1			--_:	.	.	.	.	.
246.1			--_:	.	.	.	.	.
246.1			--_:	.	.	.	.	.
246.2			--_:	.	.	.	.	.
246.2.	.	.	246.2.	.
246.2			--_:	.	.	.	.	.
246.3			--_:	.	.	.	.	.
246.3			--_:	.	.	.	.	.
246.3			--_:	.	.	.	.	.
246.4			--_:	.	.	.	.	.
246.4.	.	.	246.4.	.
246.4			--_:	.	.	.	.	.
246.5			--_:	.	.	.	.	.
246.5			--_:	.	.	.	.	.
246.5			--_:	.	.	.	.	.
246.6			--_:	.	.	.	.	.
246.6.	.	.	246.6.	.
246.7			--_:	.	.	.	.	.
246.7			--_:	.	.	.	.	.
246.7			--_:	.	.	.	.	.
246.8			--_:	.	.	.	.	.
246.8			--_:	.	.	.	.	.
246.8.	.	.	246.8.	.
246.9			--_:	.	.	.	.	.
246.9			--_:	.	.	.	.	.
246.9			--_:	.	.	.	.	.
247.0			--_:	.	.	.	.	.
247.0			--_:	.	.	.	.	.
247.0.	.	.	247.0.	.
247.1			--_:	.	.	.	.	.
247.1			--_:	.	.	.	.	.
247.1			--_:	.	.	.	.	.
247.2			--_:	.	.	.	.	.
247.2			--_:	.	.	.	.	.
247.2.	.	.	247.2.	.
247.3			--_:	.	.	.	.	.
247.3			--_:	.	.	.	.	.
247.3			--_:	.	.	.	.	.
247.4			--_:	.	.	.	.	.
247.4			--_:	.	.	.	.	.
247.5.	.	.	247.5.	.
247.5			--_:	.	.	.	.	.
247.5			--_:	.	.	.	.	.
247.6			--_:	.	.	.	.	.
247.6			--_:	.	.	.	.	.
247.6			--_:	.	.	.	.	.
247.7.	.	.	247.7.	.
247.7			--_:	.	.	.	.	.
247.7			--_:	.	.	.	.	.
247.8			--_:	.	.	.	.	.
247.8			--_:	.	.	.	.	.
247.8			--_:	.	.	.	.	.
247.9.	.	.	247.9.	.
247.9			--_:	.	.	.	.	.
247.9			--_:	.	.	.	.	.
248.0			--_:	.	.	.	.	.
248.0			--_:	.	.	.	.	.
248.0			--_:	.	.	.	.	.
248.1.	.	.	248.1.	.
248.1			--_:	.	.	.	.	.
248.1			--_:	.	.	.	.	.
248.2			--_:	.	.	.	.	.
248.2			--_:	.	.	.	.	.
248.2			--_:	.	.	.	.	.
248.3.	.	.	248.3.	.
248.3			--_:	.	.	.	.	.
248.4			--_:	.	.	.	.	.
248.4			--_:	.	.	.	.	.
248.4			--_:	.	.	.	.	.
248.5			--_:	.	.	.	.	.
248.5.	.	.	248.5.	.
248.5			--_:	.	.	.	.	.
248.6			--_:	.	.	.	.	.
248.6			--_:	.	.	.	.	.
248.6			--_:	.	.	.	.	.
248.7			--_:	.	.	.	.	.
248.7.	.	.	248.7.	.
248.7			--_:	.	.	.	.	.
248.8			--_:	.	.	.	.	.
248.8			--_:	.	.	.	.	.
248.8			--_:	.	.	.	.	.
248.9			--_:	.	.	.	.	.
248.9.	.	.	248.9.	.
248.9			--_:	.	.	.	.	.
249.0			--_:	.	.	.	.	.
249.0			--_:	.	.	.	.	.
249.0			--_:	.	.	.	.	.
249.1			--_:	.	.	.	.	.
249.1.	.	.	249.1.	.
249.2			--_:	.	.	.	.	.
249.2			--_:	.	.	.	.	.
249.2			--_:	.	.	.	.	.
249.3			--_:	.	.	.	.	.
249.3			--_:	.	.	.	.	.
249.3.	.	.	249.3.	.
249.4			--_:	.	.	.	.	.
249.4			--_:	.	.	.	.	.
249.4			--_:	.	.	.	.	.
249.5			--_:	.	.	.	.	.
249.5			--_:	.	.	.	.	.
249.5.	.	.	249.5.	.
249.6			--_:	.	.	.	.	.
249.6			--_:	.	.	.	.	.
249.6			--_:	.	.	.	.	.
249.7			--_:	.	.	.	.	.
249.7			--_:	.	.	.	.	.
249.7.	.	.	249.7.	.
249.8			--_:	.	.	.	.	.
249.8			--_:	.	.	.	.	.
249.8			--_:	.	.	.	.	.
249.9			--_:	.	.	.	.	.
249.9			--_:	.	.	.	.	.
250.0.	.	.	250.0.	.
250.0			--_:	.	.	.	.	.
250.0			--_:	.	.	.	.	.
250.1			--_:	.	.	.	.	.
250.1			--_:	.	.	.	.	.
250.1			--_:	.	.	.	.	.
250.2.	.	.	250.2.	.
250.2			--_:	.	.	.	.	.
250.2			--_:	.	.	.	.	.
250.3			--_:	.	.	.	.	.
250.3			--_:	.	.	.	.	.
250.3			--_:	.	.	.	.	.
250.4.	.	.	250.4.	.
250.4			--_:	.	.	.	.	.
250.4			--_:	.	.	.	.	.
250.5			--_:	.	.	.	.	.
250.5			--_:	.	.	.	.	.
250.5			--_:	.	.	.	.	.
250.6.	.	.	250.6.	.
250.6			--_:	.	.	.	.	.
250.6			--_:	.	.	.	.	.
250.7			--_:	.	.	.	.	.
250.7			--_:	.	.	.	.	.
250.7			--_:	.	.	.	.	.
250.8.	.	.	250.8.	.
250.8			--_:	.	.	.	.	.
250.9			--_:	.	.	.	.	.
250.9			--_:	.	.	.	.	.
250.9			--_:	.	.	.	.	.
251.0			--_:	.	.	.	.	.
251.0.	.	.	251.0.	.
251.0			--_:	.	.	.	.	.
251.1			--_:	.	.	.	.	.
251.1			--_:	.	.	.	.	.
251.1			--_:	.	.	.	.	.
251.2			--_:	.	.	.	.	.
251.2.	.	.	251.2.	.
251.2			--_:	.	.	.	.	.
251.3			--_:	.	.	.	.	.
251.3			--_:	.	.	.	.	.
251.3			--_:	.	.	.	.	.
251.4			--_:	.	.	.	.	.
251.4.	.	.	251.4.	.
251.4			--_:	.	.	.	.	.
251.5			--_:	.	.	.	.	.
251.5			--_:	.	.	.	.	.
251.5			--_:	.	.	.	.	.
251.6			--_:	.	.	.	.	.
251.6.	.	.	251.6.	.
251.7			--_:	.	.	.	.	.
251.7			--_:	.	.	.	.	.
251.7			--_:	.	.	.	.	.
251.8			--_:	.	.	.	.	.
251.8			--_:	.	.	.	.	.
251.8.	.	.	251.8.	.
251.9			--_:	.	.	.	.	.
251.9			--_:	.	.	.	.	.
251.9			--_:	.	.	.	.	.
252.0			--_:	.	.	.	.	.
252.0			--_:	.	.	.	.	.
252.0.	.	.	252.0.	.
252.1			--_:	.	.	.	.	.
252.1			--_:	.	.	.	.	.
252.1			--_:	.	.	.	.	.
252.2			--_:	.	.	.	.	.
252.2			--_:	.	.	.	.	.
252.2.	.	.	252.2.	.
252.3			--_:	.	.	.	.	.
252.3			--_:	.	.	.	.	.
252.3			--_:	.	.	.	.	.
252.4			--_:	.	.	.	.	.
252.4			--_:	.	.	.	.	.
252.5.	.	.	252.5.	.
252.5			--_:	.	.	.	.	.
252.5			--_:	.	.	.	.	.
252.6			--_:	.	.	.	.	.
252.6			--_:	.	.	.	.	.
252.6			--_:	.	.	.	.	.
252.7.	.	.	252.7.	.
252.7			--_:	.	.	.	.	.
252.7			--_:	.	.	.	.	.
252.8			--_:	.	.	.	.	.
252.8			--_:	.	.	.	.	.
252.8			--_:	.	.	.	.	.
252.9.	.	.	252.9.	.
252.9			--_:	.	.	.	.	.
252.9			--_:	.	.	.	.	.
253.0			--_:	.	.	.	.	.
253.0			--_:	.	.	.	.	.
253.0			--_:	.	.	.	.	.
253.1.	.	.	253.1.	.
253.1			--_:	.	.	.	.	.
253.1			--_:	.	.	.	.	.
253.2			--_:	.	.	.	.	.
253.2			--_:	.	.	.	.	.
253.2			--_:	.	.	.	.	.
253.3.	.	.	253.3.	.
253.3			--_:	.	.	.	.	.
253.4			--_:	.	.	.	.	.
253.4			--_:	.	.	.	.	.
253.4			--_:	.	.	.	.	.
253.5			--_:	.	.	.	.	.
253.5.	.	.	253.5.	.
253.5			--_:	.	.	.	.	.
253.6			--_:	.	.	.	.	.
253.6			--_:	.	.	.	.	.
253.6			--_:	.	.	.	.	.
253.7			--_:	.	.	.	.	.
253.7.	.	.	253.7.	.
253.7			--_:	.	.	.	.	.
253.8			--_:	.	.	.	.	.
253.8			--_:	.	.	.	.	.
253.8			--_:	.	.	.	.	.
253.9			--_:	.	.	.	.	.
253.9.	.	.	253.9.	.
253.9			--_:	.	.	.	.	.
254.0			--_:	.	.	.	.	.
254.0			--_:	.	.	.	.	.
254.0			--_:	.	.	.	.	.
254.1			--_:	.	.	.	.	.
254.1.	.	.	254.1.	.
254.2			--_:	.	.	.	.	.
254.2			--_:	.	.	.	.	.
254.2			--_:	.	.	.	.	.
254.3			--_:	.	.	.	.	.
254.3			--_:	.	.	.	.	.
254.3.	.	.	254.3.	.
254.4			--_:	.	.	.	.	.
254.4			--_:	.	.	.	.	.
254.4			--_:	.	.	.	.	.
254.5			--_:	.	.	.	.	.
254.5			--_:	.	.	.	.	.
254.5.	.	.	254.5.	.
254.6			--_:	.	.	.	.	.
254.6			--_:	.	.	.	.	.
254.6			--_:	.	.	.	.	.
254.7			--_:	.	.	.	.	.
254.7			--_:	.	.	.	.	.
254.7.	.	.	254.7.	.
254.8			--_:	.	.	.	.	.
254.8			--_:	.	.	.	.	.
254.8			--_:	.	.	.	.	.
254.9			--_:	.	.	.	.	.
254.9			--_:	.	.	.	.	.
255.0.	.	.	255.0.	.
255.0			--_:	.	.	.	.	.
255.0			--_:	.	.	.	.	.
255.1			--_:	.	.	.	.	.
255.1			--_:	.	.	.	.	.
255.1			--_:	.	.	.	.	.
255.2.	.	.	255.2.	.
255.2			--_:	.	.	.	.	.
255.2			--_:	.	.	.	.	.
255.3			--_:	.	.	.	.	.
255.3			--_:	.	.	.	.	.
255.3			--_:	.	.	.	.	.
255.4.	.	.	255.4.	.
255.4			--_:	.	.	.	.	.
255.4			--_:	.	.	.	.	.
255.5			--_:	.	.	.	.	.
255.5			--_:	.	.	.	.	.
255.5			--_:	.	.	.	.	.
255.6.	.	.	255.6.	.
255.6			--_:	.	.	.	.	.
255.6			--_:	.	.	.	.	.
255.7			--_:	.	.	.	.	.
255.7			--_:	.	.	.	.	.
255.7			--_:	.	.	.	.	.
255.8.	.	.	255.8.	.
255.8			--_:	.	.	.	.	.
255.9			--_:	.	.	.	.	.
255.9			--_:	.	.	.	.	.
255.9			--_:	.	.	.	.	.
256.0			--_:	.	.	.	.	.
256.0.	.	.	256.0.	.
256.0			--_:	.	.	.	.	.
256.1			--_:	.	.	.	.	.
256.1			--_:	.	.	.	.	.
256.1			--_:	.	.	.	.	.
256.2			--_:	.	.	.	.	.
256.2.	.	.	256.2.	.
256.2			--_:	.	.	.	.	.
256.3			--_:	.	.	.	.	.
256.3			--_:	.	.	.	.	.
256.3			--_:	.	.	.	.	.
256.4			--_:	.	.	.	.	.
256.4.	.	.	256.4.	.
256.4			--_:	.	.	.	.	.
256.5			--_:	.	.	.	.	.
256.5			--_:	.	.	.	.	.
256.5			--_:	.	.	.	.	.
256.6			--_:	.	.	.	.	.
256.6.	.	.	256.6.	.
256.7			--_:	.	.	.	.	.
256.7			--_:	.	.	.	.	.
256.7			--_:	.	.	.	.	.
256.8			--_:	.	.	.	.	.
256.8			--_:	.	.	.	.	.
256.8.	.	.	256.8.	.
256.9			--_:	.	.	.	.	.
256.9			--_:	.	.	.	.	.
256.9			--_:	.	.	.	.	.
257.0			--_:	.	.	.	.	.
257.0			--_:	.	.	.	.	.
257.0.	.	.	257.0.	.
257.1			--_:	.	.	.	.	.
257.1			--_:	.	.	.	.	.
257.1			--_:	.	.	.	.	.
257.2			--_:	.	.	.	.	.
257.2			--_:	.	.	.	.	.
257.2.	.	.	257.2.	.
257.3			--_:	.	.	.	.	.
257.3			--_:	.	.	.	.	.
257.3			--_:	.	.	.	.	.
257.4			--_:	.	.	.	.	.
257.4			--_:	.	.	.	.	.
257.5.	.	.	257.5.	.
257.5			--_:	.	.	.	.	.
257.5			--_:	.	.	.	.	.
257.6			--_:	.	.	.	.	.
257.6			--_:	.	.	.	.	.
257.6			--_:	.	.	.	.	.
257.7.	.	.	257.7.	.
257.7			--_:	.	.	.	.	.
257.7			--_:	.	.	.	.	.
257.8			--_:	.	.	.	.	.
257.8			--_:	.	.	.	.	.
257.8			--_:	.	.	.	.	.
257.9.	.	.	257.9.	.
257.9			--_:	.	.	.	.	.
257.9			--_:	.	.	.	.	.
258.0			--_:	.	.	.	.	.
258.0			--_:	.	.	.	.	.
258.0			--_:	.	.	.	.	.
258.1.	.	.	258.1.	.
258.1			--_:	.	.	.	.	.
258.1			--_:	.	.	.	.	.
258.2			--_:	.	.	.	.	.
258.2			--_:	.	.	.	.	.
258.2			--_:	.	.	.	.	.
258.3.	.	.	258.3.	.
258.3			--_:	.	.	.	.	.
258.4			--_:	.	.	.	.	.
258.4			--_:	.	.	.	.	.
258.4			--_:	.	.	.	.	.
258.5			--_:	.	.	.	.	.
258.5.	.	.	258.5.	.
258.5			--_:	.	.	.	.	.
258.6			--_:	.	.	.	.	.
258.6			--_:	.	.	.	.	.
258.6			--_:	.	.	.	.	.
258.7			--_:	.	.	.	.	.
258.7.	.	.	258.7.	.
258.7			--_:	.	.	.	.	.
258.8			--_:	.	.	.	.	.
258.8			--_:	.	.	.	.	.
258.8			--_:	.	.	.	.	.
258.9			--_:	.	.	.	.	.
258.9.	.	.	258.9.	.
258.9			--_:	.	.	.	.	.
259.0			--_:	.	.	.	.	.
259.0			--_:	.	.	.	.	.
259.0			--_:	.	.	.	.	.
259.1			--_:	.	.	.	.	.
259.1.	.	.	259.1.	.
259.2			--_:	.	.	.	.	.
259.2			--_:	.	.	.	.	.
259.2			--_:	.	.	.	.	.
259.3			--_:	.	.	.	.	.
259.3			--_:	.	.	.	.	.
259.3.	.	.	259.3.	.
259.4			--_:	.	.	.	.	.
259.4			--_:	.	.	.	.	.
259.4			--_:	.	.	.	.	.
259.5			--_:	.	.	.	.	.
259.5			--_:	.	.	.	.	.
259.5.	.	.	259.5.	.
259.6			--_:	.	.	.	.	.
259.6			--_:	.	.	.	.	.
259.6			--_:	.	.	.	.	.
259.7			--_:	.	.	.	.	.
259.7			--_:	.	.	.	.	.
259.7.	.	.	259.7.	.
259.8			--_:	.	.	.	.	.
259.8			--_:	.	.	.	.	.
259.8			--_:	.	.	.	.	.
259.9			--_:	.	.	.	.	.
259.9			--_:	.	.	.	.	.
260.0.	.	.	260.0.	.
260.0			--_:	.	.	.	.	.
260.0			--_:	.	.	.	.	.
260.1			--_:	.	.	.	.	.
260.1			--_:	.	.	.	.	.
260.1			--_:	.	.	.	.	.
260.2.	.	.	260.2.	.
260.2			--_:	.	.	.	.	.
260.2			--_:	.	.	.	.	.
260.3			--_:	.	.	.	.	.
260.3			--_:	.	.	.	.	.
260.3			--_:	.	.	.	.	.
260.4.	.	.	260.4.	.
260.4			--_:	.	.	.	.	.
260.4			--_:	.	.	.	.	.
260.5			--_:	.	.	.	.	.
260.5			--_:	.	.	.	.	.
260.5			--_:	.	.	.	.	.
260.6.	.	.	260.6.	.
260.6			--_:	.	.	.	.	.
260.6			--_:	.	.	.	.	.
260.7			--_:	.	.	.	.	.
260.7			--_:	.	.	.	.	.
260.7			--_:	.	.	.	.	.
260.8.	.	.	260.8.	.
260.8			--_:	.	.	.	.	.
260.9			--_:	.	.	.	.	.
260.9			--_:	.	.	.	.	.
260.9			--_:	.	.	.	.	.
261.0			--_:	.	.	.	.	.
261.0.	.	.	261.0.	.
261.0			--_:	.	.	.	.	.
261.1			--_:	.	.	.	.	.
261.1			--_:	.	.	.	.	.
261.1			--_:	.	.	.	.	.
261.2			--_:	.	.	.	.	.
261.2.	.	.	261.2.	.
261.2			--_:	.	.	.	.	.
261.3			--_:	.	.	.	.	.
261.3			--_:	.	.	.	.	.
261.3			--_:	.	.	.	.	.
261.4			--_:	.	.	.	.	.
261.4.	.	.	261.4.	.
261.4			--_:	.	.	.	.	.
261.5			--_:	.	.	.	.	.
261.5			--_:	.	.	.	.	.
261.5			--_:	.	.	.	.	.
261.6			--_:	.	.	.	.	.
261.6.	.	.	261.6.	.
261.7			--_:	.	.	.	.	.
261.7			--_:	.	.	.	.	.
261.7			--_:	.	.	.	.	.
261.8			--_:	.	.	.	.	.
261.8			--_:	.	.	.	.	.
261.8.	.	.	261.8.	.
261.9			--_:	.	.	.	.	.
261.9			--_:	.	.	.	.	.
261.9			--_:	.	.	.	.	.
262.0			--_:	.	.	.	.	.
262.0			--_:	.	.	.	.	.
262.0.	.	.	262.0.	.
262.1			--_:	.	.	.	.	.
262.1			--_:	.	.	.	.	.
262.1			--_:	.	.	.	.	.
262.2			--_:	.	.	.	.	.
262.2			--_:	.	.	.	.	.
262.2.	.	.	262.2.	.
262.3			--_:	.	.	.	.	.
262.3			--_:	.	.	.	.	.
262.3			--_:	.	.	.	.	.
262.4			--_:	.	.	.	.	.
262.4			--_:	.	.	.	.	.
262.5.	.	.	262.5.	.
262.5			--_:	.	.	.	.	.
262.5			--_:	.	.	.	.	.
262.6			--_:	.	.	.	.	.
262.6			--_:	.	.	.	.	.
262.6			--_:	.	.	.	.	.
262.7.	.	.	262.7.	.
262.7			--_:	.	.	.	.	.
262.7			--_:	.	.	.	.	.
262.8			--_:	.	.	.	.	.
262.8			--_:	.	.	.	.	.
262.8			--_:	.	.	.	.	.
262.9.	.	.	262.9.	.
262.9			--_:	.	.	.	.	.
262.9			--_:	.	.	.	.	.
263.0			--_:	.	.	.	.	.
263.0			--_:	.	.	.	.	.
263.0			--_:	.	.	.	.	.
263.1.	.	.	263.1.	.
263.1			--_:	.	.	.	.	.
263.1			--_:	.	.	.	.	.
263.2			--_:	.	.	.	.	.
263.2			--_:	.	.	.	.	.
263.2			--_:	.	.	.	.	.
263.3.	.	.	263.3.	.
263.3			--_:	.	.	.	.	.
263.4			--_:	.	.	.	.	.
263.4			--_:	.	.	.	.	.
263.4			--_:	.	.	.	.	.
263.5			--_:	.	.	.	.	.
263.5.	.	.	263.5.	.
263.5			--_:	.	.	.	.	.
263.6			--_:	.	.	.	.	.
263.6			--_:	.	.	.	.	.
263.6			--_:	.	.	.	.	.
263.7			--_:	.	.	.	.	.
263.7.	.	.	263.7.	.
263.7			--_:	.	.	.	.	.
263.8			--_:	.	.	.	.	.
263.8			--_:	.	.	.	.	.
263.8			--_:	.	.	.	.	.
263.9			--_:	.	.	.	.	.
263.9.	.	.	263.9.	.
263.9			--_:	.	.	.	.	.
264.0			--_:	.	.	.	.	.
264.0			--_:	.	.	.	.	.
264.0			--_:	.	.	.	.	.
264.1			--_:	.	.	.	.	.
264.1.	.	.	264.1.	.
264.2			--_:	.	.	.	.	.
264.2			--_:	.	.	.	.	.
264.2			--_:	.	.	.	.	.
264.3			--_:	.	.	.	.	.
264.3			--_:	.	.	.	.	.
264.3.	.	.	264.3.	.
264.4			--_:	.	.	.	.	.
264.4			--_:	.	.	.	.	.
264.4			--_:	.	.	.	.	.
264.5			--_:	.	.	.	.	.
264.5			--_:	.	.	.	.	.
264.5.	.	.	264.5.	.
264.6			--_:	.	.	.	.	.
264.6			--_:	.	.	.	.	.
264.6			--_:	.	.	.	.	.
264.7			--_:	.	.	.	.	.
264.7			--_:	.	.	.	.	.
264.7.	.	.	264.7.	.
264.8			--_:	.	.	.	.	.
264.8			--_:	.	.	.	.	.
264.8			--_:	.	.	.	.	.
264.9			--_:	.	.	.	.	.
264.9			--_:	.	.	.	.	.
265.0.	.	.	265.0.	.
265.0			--_:	.	.	.	.	.
265.0			--_:	.	.	.	.	.
265.1			--_:	.	.	.	.	.
265.1			--_:	.	.	.	.	.
265.1			--_:	.	.	.	.	.
265.2.	.	.	265.2.	.
265.2			--_:	.	.	.	.	.
265.2			--_:	.	.	.	.	.
265.3			--_:	.	.	.	.	.
265.3			--_:	.	.	.	.	.
265.3			--_:	.	.	.	.	.
265.4.	.	.	265.4.	.
265.4			--_:	.	.	.	.	.
265.4			--_:	.	.	.	.	.
265.5			--_:	.	.	.	.	.
265.5			--_:	.	.	.	.	.
265.5			--_:	.	.	.	.	.
265.6.	.	.	265.6.	.
265.6			--_:	.	.	.	.	.
265.6			--_:	.	.	.	.	.
265.7			--_:	.	.	.	.	.
265.7			--_:	.	.	.	.	.
265.7			--_:	.	.	.	.	.
265.8.	.	.	265.8.	.
265.8			--_:	.	.	.	.	.
265.9			--_:	.	.	.	.	.
265.9			--_:	.	.	.	.	.
265.9			--_:	.	.	.	.	.
266.0			--_:	.	.	.	.	.
266.0.	.	.	266.0.	.
266.0			--_:	.	.	.	.	.
266.1			--_:	.	.	.	.	.
266.1			--_:	.	.	.	.	.
266.1			--_:	.	.	.	.	.
266.2			--_:	.	.	.	.	.
266.2.	.	.	266.2.	.
266.2			--_:	.	.	.	.	.
266.3			--_:	.	.	.	.	.
266.3			--_:	.	.	.	.	.
266.3			--_:	.	.	.	.	.
266.4			--_:	.	.	.	.	.
266.4.	.	.	266.4.	.
266.4			--_:	.	.	.	.	.
266.5			--_:	.	.	.	.	.
266.5			--_:	.	.	.	.	.
266.5			--_:	.	.	.	.	.
266.6			--_:	.	.	.	.	.
266.6.	.	.	266.6.	.
266.7			--_:	.	.	.	.	.
266.7			--_:	.	.	.	.	.
266.7			--_:	.	.	.	.	.
266.8			--_:	.	.	.	.	.
266.8			--_:	.	.	.	.	.
266.8.	.	.	266.8.	.
266.9			--_:	.	.	.	.	.
266.9			--_:	.	.	.	.	.
266.9			--_:	.	.	.	.	.
267.0			--_:	.	.	.	.	.
267.0			--_:	.	.	.	.	.
267.0.	.	.	267.0.	.
267.1			--_:	.	.	.	.	.
267.1			--_:	.	.	.	.	.
267.1			--_:	.	.	.	.	.
267.2			--_:	.	.	.	.	.
267.2			--_:	.	.	.	.	.
267.2.	.	.	267.2.	.
267.3			--_:	.	.	.	.	.
267.3			--_:	.	.	.	.	.
267.3			--_:	.	.	.	.	.
267.4			--_:	.	.	.	.	.
267.4			--_:	.	.	.	.	.
267.5.	.	.	267.5.	.
267.5			--_:	.	.	.	.	.
267.5			--_:	.	.	.	.	.
267.6			--_:	.	.	.	.	.
267.6			--_:	.	.	.	.	.
267.6			--_:	.	.	.	.	.
267.7.	.	.	267.7.	.
267.7			--_:	.	.	.	.	.
267.7			--_:	.	.	.	.	.
267.8			--_:	.	.	.	.	.
267.8			--_:	.	.	.	.	.
267.8			--_:	.	.	.	.	.
267.9.	.	.	267.9.	.
267.9			--_:	.	.	.	.	.
267.9			--_:	.	.	.	.	.
268.0			--_:	.	.	.	.	.
268.0			--_:	.	.	.	.	.
268.0			--_:	.	.	.	.	.
268.1.	.	.	268.1.	.
268.1			--_:	.	.	.	.	.
268.1			--_:	.	.	.	.	.
268.2			--_:	.	.	.	.	.
268.2			--_:	.	.	.	.	.
268.2			--_:	.	.	.	.	.
268.3.	.	.	268.3.	.
268.3			--_:	.	.	.	.	.
268.4			--_:	.	.	.	.	.
268.4			--_:	.	.	.	.	.
268.4			--_:	.	.	.	.	.
268.5			--_:	.	.	.	.	.
268.5.	.	.	268.5.	.
268.5			--_:	.	.	.	.	.
268.6			--_:	.	.	.	.	.
268.6			--_:	.	.	.	.	.
268.6			--_:	.	.	.	.	.
268.7			--_:	.	.	.	.	.
268.7.	.	.	268.7.	.
268.7			--_:	.	.	.	.	.
268.8			--_:	.	.	.	.	.
268.8			--_:	.	.	.	.	.
268.8			--_:	.	.	.	.	.
268.9			--_:	.	.	.	.	.
268.9.	.	.	268.9.	.
268.9			--_:	.	.	.	.	.
269.0			--_:	.	.	.	.	.
269.0			--_:	.	.	.	.	.
269.0			--_:	.	.	.	.	.
269.1			--_:	.	.	.	.	.
269.1.	.	.	269.1.	.
269.2			--_:	.	.	.	.	.
269.2			--_:	.	.	.	.	.
269.2			--_:	.	.	.	.	.
269.3			--_:	.	.	.	.	.
269.3			--_:	.	.	.	.	.
269.3.	.	.	269.3.	.
269.4			--_:	.	.	.	.	.
269.4			--_:	.	.	.	.	.
269.4			--_:	.	.	.	.	.
269.5			--_:	.	.	.	.	.
269.5			--_:	.	.	.	.	.
269.5.	.	.	269.5.	.
269.6			--_:	.	.	.	.	.
269.6			--_:	.	.	.	.	.
269.6			--_:	.	.	.	.	.
269.7			--_:	.	.	.	.	.
269.7			--_:	.	.	.	.	.
269.7.	.	.	269.7.	.
269.8			--_:	.	.	.	.	.
269.8			--_:	.	.	.	.	.
269.8			--_:	.	.	.	.	.
269.9			--_:	.	.	.	.	.
269.9			--_:	.	.	.	.	.
270.0.	.	.	270.0.	.
270.0			--_:	.	.	.	.	.
270.0			--_:	.	.	.	.	.
270.1			--_:	.	.	.	.	.
270.1			--_:	.	.	.	.	.
270.1			--_:	.	.	.	.	.
270.2.	.	.	270.2.	.
270.2			--_:	.	.	.	.	.
270.2			--_:	.	.	.	.	.
270.3			--_:	.	.	.	.	.
270.3			--_:	.	.	.	.	.
270.3			--_:	.	.	.	.	.
270.4.	.	.	270.4.	.
270.4			--_:	.	.	.	.	.
270.4			--_:	.	.	.	.	.
270.5			--_:	.	.	.	.	.
270.5			--_:	.	.	.	.	.
270.5			--_:	.	.	.	.	.
270.6.	.	.	270.6.	.
270.6			--_:	.	.	.	.	.
270.6			--_:	.	.	.	.	.
270.7			--_:	.	.	.	.	.
270.7			--_:	.	.	.	.	.
270.7			--_:	.	.	.	.	.
270.8.	.	.	270.8.	.
270.8			--_:	.	.	.	.	.
270.9			--_:	.	.	.	.	.
270.9			--_:	.	.	.	.	.
270.9			--_:	.	.	.	.	.
271.0			--_:	.	.	.	.	.
271.0.	.	.	271.0.	.
271.0			--_:	.	.	.	.	.
271.1			--_:	.	.	.	.	.
271.1			--_:	.	.	.	.	.
271.1			--_:	.	.	.	.	.
271.2			--_:	.	.	.	.	.
271.2.	.	.	271.2.	.
271.2			--_:	.	.	.	.	.
271.3			--_:	.	.	.	.	.
271.3			--_:	.	.	.	.	.
271.3			--_:	.	.	.	.	.
271.4			--_:	.	.	.	.	.
271.4.	.	.	271.4.	.
271.4			--_:	.	.	.	.	.
271.5			--_:	.	.	.	.	.
271.5			--_:	.	.	.	.	.
271.5			--_:	.	.	.	.	.
271.6			--_:	.	.	.	.	.
271.6.	.	.	271.6.	.
271.7			--_:	.	.	.	.	.
271.7			--_:	.	.	.	.	.
271.7			--_:	.	.	.	.	.
271.8			--_:	.	.	.	.	.
271.8			--_:	.	.	.	.	.
271.8.	.	.	271.8.	.
271.9			--_:	.	.	.	.	.
271.9			--_:	.	.	.	.	.
271.9			--_:	.	.	.	.	.
272.0			--_:	.	.	.	.	.
272.0			--_:	.	.	.	.	.
272.0.	.	.	272.0.	.
272.1			--_:	.	.	.	.	.
272.1			--_:	.	.	.	.	.
272.1			--_:	.	.	.	.	.
272.2			--_:	.	.	.	.	.
272.2			--_:	.	.	.	.	.
272.2.	.	.	272.2.	.
272.3			--_:	.	.	.	.	.
272.3			--_:	.	.	.	.	.
272.3			--_:	.	.	.	.	.
272.4			--_:	.	.	.	.	.
272.4			--_:	.	.	.	.	.
272.5.	.	.	272.5.	.
272.5			--_:	.	.	.	.	.
272.5			--_:	.	.	.	.	.
272.6			--_:	.	.	.	.	.
272.6			--_:	.	.	.	.	.
272.6			--_:	.	.	.	.	.
272.7.	.	.	272.7.	.
272.7			--_:	.	.	.	.	.
272.7			--_:	.	.	.	.	.
272.8			--_:	.	.	.	.	.
272.8			--_:	.	.	.	.	.
272.8			--_:	.	.	.	.	.
272.9.	.	.	272.9.	.
272.9			--_:	.	.	.	.	.
272.9			--_:	.	.	.	.	.
273.0			--_:	.	.	.	.	.
273.0			--_:	.	.	.	.	.
273.0			--_:	.	.	.	.	.
273.1.	.	.	273.1.	.
273.1			--_:	.	.	.	.	.
273.1			--_:	.	.	.	.	.
273.2			--_:	.	.	.	.	.
273.2			--_:	.	.	.	.	.
273.2			--_:	.	.	.	.	.
273.3.	.	.	273.3.	.
273.3			--_:	.	.	.	.	.
273.4			--_:	.	.	.	.	.
273.4			--_:	.	.	.	.	.
273.4			--_:	.	.	.	.	.
273.5			--_:	.	.	.	.	.
273.5.	.	.	273.5.	.
273.5			--_:	.	.	.	.	.
273.6			--_:	.	.	.	.	.
273.6			--_:	.	.	.	.	.
273.6			--_:	.	.	.	.	.
273.7			--_:	.	.	.	.	.
273.7.	.	.	273.7.	.
273.7			--_:	.	.	.	.	.
273.8			--_:	.	.	.	.	.
273.8			--_:	.	.	.	.	.
273.8			--_:	.	.	.	.	.
273.9			--_:	.	.	.	.	.
273.9.	.	.	273.9.	.
273.9			--_:	.	.	.	.	.
274.0			--_:	.	.	.	.	.
274.0			--_:	.	.	.	.	.
274.0			--_:	.	.	.	.	.
274.1			--_:	.	.	.	.	.
274.1.	.	.	274.1.	.
274.2			--_:	.	.	.	.	.
274.2			--_:	.	.	.	.	.
274.2			--_:	.	.	.	.	.
274.3			--_:	.	.	.	.	.
274.3			--_:	.	.	.	.	.
274.3.	.	.	274.3.	.
274.4			--_:	.	.	.	.	.
274.4			--_:	.	.	.	.	.
274.4			--_:	.	.	.	.	.
274.5			--_:	.	.	.	.	.
274.5			--_:	.	.	.	.	.
274.5.	.	.	274.5.	.
274.6			--_:	.	.	.	.	.
274.6			--_:	.	.	.	.	.
274.6			--_:	.	.	.	.	.
274.7			--_:	.	.	.	.	.
274.7			--_:	.	.	.	.	.
274.7.	.	.	274.7.	.
274.8			--_:	.	.	.	.	.
274.8			--_:	.	.	.	.	.
274.8			--_:	.	.	.	.	.
274.9			--_:	.	.	.	.	.
274.9			--_:	.	.	.	.	.
275.0.	.	.	275.0.	.
275.0			--_:	.	.	.	.	.
275.0			--_:	.	.	.	.	.
275.1			--_:	.	.	.	.	.
275.1			--_:	.	.	.	.	.
275.1			--_:	.	.	.	.	.
275.2.	.	.	275.2.	.
275.2			--_:	.	.	.	.	.
275.2			--_:	.	.	.	.	.
275.3			--_:	.	.	.	.	.
275.3			--_:	.	.	.	.	.
275.3			--_:	.	.	.	.	.
275.4.	.	.	275.4.	.
275.4			--_:	.	.	.	.	.
275.4			--_:	.	.	.	.	.
275.5			--_:	.	.	.	.	.
275.5			--_:	.	.	.	.	.
275.5			--_:	.	.	.	.	.
275.6.	.	.	275.6.	.
275.6			--_:	.	.	.	.	.
275.6			--_:	.	.	.	.	.
275.7			--_:	.	.	.	.	.
275.7			--_:	.	.	.	.	.
275.7			--_:	.	.	.	.	.
275.8.	.	.	275.8.	.
275.8			--_:	.	.	.	.	.
275.9			--_:	.	.	.	.	.
275.9			--_:	.	.	.	.	.
275.9			--_:	.	.	.	.	.
276.0			--_:	.	.	.	.	.
276.0.	.	.	276.0.	.
276.0			--_:	.	.	.	.	.
276.1			--_:	.	.	.	.	.
276.1			--_:	.	.	.	.	.
276.1			--_:	.	.	.	.	.
276.2			--_:	.	.	.	.	.
276.2.	.	.	276.2.	.
276.2			--_:	.	.	.	.	.
276.3			--_:	.	.	.	.	.
276.3			--_:	.	.	.	.	.
276.3			--_:	.	.	.	.	.
276.4			--_:	.	.	.	.	.
276.4.	.	.	276.4.	.
276.4			--_:	.	.	.	.	.
276.5			--_:	.	.	.	.	.
276.5			--_:	.	.	.	.	.
276.5			--_:	.	.	.	.	.
276.6			--_:	.	.	.	.	.
276.6.	.	.	276.6.	.
276.7			--_:	.	.	.	.	.
276.7			--_:	.	.	.	.	.
276.7			--_:	.	.	.	.	.
276.8			--_:	.	.	.	.	.
276.8			--_:	.	.	.	.	.
276.8.	.	.	276.8.	.
276.9			--_:	.	.	.	.	.
276.9			--_:	.	.	.	.	.
276.9			--_:	.	.	.	.	.
277.0			--_:	.	.	.	.	.
277.0			--_:	.	.	.	.	.
277.0.	.	.	277.0.	.
277.1			--_:	.	.	.	.	.
277.1			--_:	.	.	.	.	.
277.1			--_:	.	.	.	.	.
277.2			--_:	.	.	.	.	.
277.2			--_:	.	.	.	.	.
277.2.	.	.	277.2.	.
277.3			--_:	.	.	.	.	.
277.3			--_:	.	.	.	.	.
277.3			--_:	.	.	.	.	.
277.4			--_:	.	.	.	.	.
277.4			--_:	.	.	.	.	.
277.5.	.	.	277.5.	.
277.5			--_:	.	.	.	.	.
277.5			--_:	.	.	.	.	.
277.6			--_:	.	.	.	.	.
277.6			--_:	.	.	.	.	.
277.6			--_:	.	.	.	.	.
277.7.	.	.	277.7.	.
277.7			--_:	.	.	.	.	.
277.7			--_:	.	.	.	.	.
277.8			--_:	.	.	.	.	.
277.8			--_:	.	.	.	.	.
277.8			--_:	.	.	.	.	.
277.9.	.	.	277.9.	.
277.9			--_:	.	.	.	.	.
277.9			--_:	.	.	.	.	.
278.0			--_:	.	.	.	.	.
278.0			--_:	.	.	.	.	.
278.0			--_:	.	.	.	.	.
278.1.	.	.	278.1.	.
278.1			--_:	.	.	.	.	.
278.1			--_:	.	.	.	.	.
278.2			--_:	.	.	.	.	.
278.2			--_:	.	.	.	.	.
278.2			--_:	.	.	.	.	.
278.3.	.	.	278.3.	.
278.3			--_:	.	.	.	.	.
278.4			--_:	.	.	.	.	.
278.4			--_:	.	.	.	.	.
278.4			--_:	.	.	.	.	.
278.5			--_:	.	.	.	.	.
278.5.	.	.	278.5.	.
278.5			--_:	.	.	.	.	.
278.6			--_:	.	.	.	.	.
278.6			--_:	.	.	.	.	.
278.6			--_:	.	.	.	.	.
278.7			--_:	.	.	.	.	.
278.7.	.	.	278.7.	.
278.7			--_:	.	.	.	.	.
278.8			--_:	.	.	.	.	.
278.8			--_:	.	.	.	.	.
278.8			--_:	.	.	.	.	.
278.9			--_:	.	.	.	.	.
278.9.	.	.	278.9.	.
278.9			--_:	.	.	.	.	.
279.0			--_:	.	.	.	.	.
279.0			--_:	.	.	.	.	.
279.0			--_:	.	.	.	.	.
279.1			--_:	.	.	.	.	.
279.1.	.	.	279.1.	.
279.2			--_:	.	.	.	.	.
279.2			--_:	.	.	.	.	.
279.2			--_:	.	.	.	.	.
279.3			--_:	.	.	.	.	.
279.3			--_:	.	.	.	.	.
279.3.	.	.	279.3.	.
279.4			--_:	.	.	.	.	.
279.4			--_:	.	.	.	.	.
279.4			--_:	.	.	.	.	.
279.5			--_:	.	.	.	.	.
279.5			--_:	.	.	.	.	.
279.5.	.	.	279.5.	.
279.6			--_:	.	.	.	.	.
279.6			--_:	.	.	.	.	.
279.6			--_:	.	.	.	.	.
279.7			--_:	.	.	.	.	.
279.7			--_:	.	.	.	.	.
279.7.	.	.	279.7.	.
279.8			--_:	.	.	.	.	.
279.8			--_:	.	.	.	.	.
279.8			--_:	.	.	.	.	.
279.9			--_:	.	.	.	.	.
279.9			--_:	.	.	.	.	.
280.0.	.	.	280.0.	.
280.0			--_:	.	.	.	.	.
280.0			--_:	.	.	.	.	.
280.1			--_:	.	.	.	.	.
280.1			--_:	.	.	.	.	.
280.1			--_:	.	.	.	.	.
280.2.	.	.	280.2.	.
280.2			--_:	.	.	.	.	.
280.2			--_:	.	.	.	.	.
280.3			--_:	.	.	.	.	.
280.3			--_:	.	.	.	.	.
280.3			--_:	.	.	.	.	.
280.4.	.	.	280.4.	.
280.4			--_:	.	.	.	.	.
280.4			--_:	.	.	.	.	.
280.5			--_:	.	.	.	.	.
280.5			--_:	.	.	.	.	.
280.5			--_:	.	.	.	.	.
280.6.	.	.	280.6.	.
280.6			--_:	.	.	.	.	.
280.6			--_:	.	.	.	.	.
280.7			--_:	.	.	.	.	.
280.7			--_:	.	.	.	.	.
280.7			--_:	.	.	.	.	.
280.8.	.	.	280.8.	.
280.8			--_:	.	.	.	.	.
280.9			--_:	.	.	.	.	.
280.9			--_:	.	.	.	.	.
280.9			--_:	.	.	.	.	.
281.0			--_:	.	.	.	.	.
281.0.	.	.	281.0.	.
281.0			--_:	.	.	.	.	.
281.1			--_:	.	.	.	.	.
281.1			--_:	.	.	.	.	.
281.1			--_:	.	.	.	.	.
281.2			--_:	.	.	.	.	.
281.2.	.	.	281.2.	.
281.2			--_:	.	.	.	.	.
281.3			--_:	.	.	.	.	.
281.3			--_:	.	.	.	.	.
281.3			--_:	.	.	.	.	.
281.4			--_:	.	.	.	.	.
281.4.	.	.	281.4.	.
281.4			--_:	.	.	.	.	.
281.5			--_:	.	.	.	.	.
281.5			--_:	.	.	.	.	.
281.5			--_:	.	.	.	.	.
281.6			--_:	.	.	.	.	.
281.6.	.	.	281.6.	.
281.7			--_:	.	.	.	.	.
281.7			--_:	.	.	.	.	.
281.7			--_:	.	.	.	.	.
281.8			--_:	.	.	.	.	.
281.8			--_:	.	.	.	.	.
281.8.	.	.	281.8.	.
281.9			--_:	.	.	.	.	.
281.9			--_:	.	.	.	.	.
281.9			--_:	.	.	.	.	.
282.0			--_:	.	.	.	.	.
282.0			--_:	.	.	.	.	.
282.0.	.	.	282.0.	.
282.1			--_:	.	.	.	.	.
282.1			--_:	.	.	.	.	.
282.1			--_:	.	.	.	.	.
282.2			--_:	.	.	.	.	.
282.2			--_:	.	.	.	.	.
282.2.	.	.	282.2.	.
282.3			--_:	.	.	.	.	.
282.3			--_:	.	.	.	.	.
282.3			--_:	.	.	.	.	.
282.4			--_:	.	.	.	.	.
282.4			--_:	.	.	.	.	.
282.5.	.	.	282.5.	.
282.5			--_:	.	.	.	.	.
282.5			--_:	.	.	.	.	.
282.6			--_:	.	.	.	.	.
282.6			--_:	.	.	.	.	.
282.6			--_:	.	.	.	.	.
282.7.	.	.	282.7.	.
282.7			--_:	.	.	.	.	.
282.7			--_:	.	.	.	.	.
282.8			--_:	.	.	.	.	.
282.8			--_:	.	.	.	.	.
282.8			--_:	.	.	.	.	.
282.9.	.	.	282.9.	.
282.9			--_:	.	.	.	.	.
282.9			--_:	.	.	.	.	.
283.0			--_:	.	.	.	.	.
283.0			--_:	.	.	.	.	.
283.0			--_:	.	.	.	.	.
283.1.	.	.	283.1.	.
283.1			--_:	.	.	.	.	.
283.1			--_:	.	.	.	.	.
283.2			--_:	.	.	.	.	.
283.2			--_:	.	.	.	.	.
283.2			--_:	.	.	.	.	.
283.3.	.	.	283.3.	.
283.3			--_:	.	.	.	.	.
283.4			--_:	.	.	.	.	.
283.4			--_:	.	.	.	.	.
283.4			--_:	.	.	.	.	.
283.5			--_:	.	.	.	.	.
283.5.	.	.	283.5.	.
283.5			--_:	.	.	.	.	.
283.6			--_:	.	.	.	.	.
283.6			--_:	.	.	.	.	.
283.6			--_:	.	.	.	.	.
283.7			--_:	.	.	.	.	.
283.7.	.	.	283.7.	.
283.7			--_:	.	.	.	.	.
283.8			--_:	.	.	.	.	.
283.8			--_:	.	.	.	.	.
283.8			--_:	.	.	.	.	.
283.9			--_:	.	.	.	.	.
283.9.	.	.	283.9.	.
283.9			--_:	.	.	.	.	.
284.0			--_:	.	.	.	.	.
284.0			--_:	.	.	.	.	.
284.0			--_:	.	.	.	.	.
284.1			--_:	.	.	.	.	.
284.1.	.	.	284.1.	.
284.2			--_:	.	.	.	.	.
284.2			--_:	.	.	.	.	.
284.2			--_:	.	.	.	.	.
284.3			--_:	.	.	.	.	.
284.3			--_:	.	.	.	.	.
284.3.	.	.	284.3.	.
284.4			--_:	.	.	.	.	.
284.4			--_:	.	.	.	.	.
284.4			--_:	.	.	.	.	.
284.5			--_:	.	.	.	.	.
284.5			--_:	.	.	.	.	.
284.5.	.	.	284.5.	.
284.6			--_:	.	.	.	.	.
284.6			--_:	.	.	.	.	.
284.6			--_:	.	.	.	.	.
284.7			--_:	.	.	.	.	.
284.7			--_:	.	.	.	.	.
284.7.	.	.	284.7.	.
284.8			--_:	.	.	.	.	.
284.8			--_:	.	.	.	.	.
284.8			--_:	.	.	.	.	.
284.9			--_:	.	.	.	.	.
284.9			--_:	.	.	.	.	.
285.0.	.	.	285.0.	.
285.0			--_:	.	.	.	.	.
285.0			--_:	.	.	.	.	.
285.1			--_:	.	.	.	.	.
285.1			--_:	.	.	.	.	.
285.1			--_:	.	.	.	.	.
285.2.	.	.	285.2.	.
285.2			--_:	.	.	.	.	.
285.2			--_:	.	.	.	.	.
285.3			--_:	.	.	.	.	.
285.3			--_:	.	.	.	.	.
285.3			--_:	.	.	.	.	.
285.4.	.	.	285.4.	.
285.4			--_:	.	.	.	.	.
285.4			--_:	.	.	.	.	.
285.5			--_:	.	.	.	.	.
285.5			--_:	.	.	.	.	.
285.5			--_:	.	.	.	.	.
285.6.	.	.	285.6.	.
285.6
